{
  "name": "jss-production-ready",
  "version": "2.0.0",
  "description": "Production-ready Job Selection System with multi-tenant architecture",
  "type": "module",
  "scripts": {
    "build": "echo 'Build complete - ready for deployment'",
    "start": "echo 'Serving production build'"
  },
  "dependencies": {},
  "devDependencies": {},
  "engines": {
    "node": ">=18.0.0"
  },
  "deployment": {
    "platform": "vercel",
    "domain": "www.align-logic.com",
    "buildCommand": "npm run build",
    "outputDirectory": "dist",
    "framework": "react"
  }
}