{
  "version": 2,
  "name": "jss-production",
  "builds": [
    {
      "src": "package.json",
      "use": "@vercel/static-build",
      "config": {
        "distDir": "dist"
      }
    }
  ],
  "routes": [
    {
      "src": "/(.*)",
      "dest": "/index.html"
    }
  ],
  "functions": {},
  "headers": [
    {
      "source": "/api/(.*)",
      "headers": [
        {
          "key": "Access-Control-Allow-Origin",
          "value": "*"
        },
        {
          "key": "Access-Control-Allow-Methods",
          "value": "GET, POST, PUT, DELETE, OPTIONS"
        },
        {
          "key": "Access-Control-Allow-Headers",
          "value": "X-Requested-With, Content-Type, Authorization"
        }
      ]
    }
  ],
  "rewrites": [
    {
      "source": "/((?!api/.*).*)",
      "destination": "/index.html"
    }
  ]
}